Person ID,Full Name,Street,City,State,Zip,Latitude,Longitude,Phone Number,Referral Count
996701857,Waldorf Total Health Chiropractic & Physical Therapy,12102 Old Line Center,Waldorf,MD,20602,38.616638,-76.890698,(240) 754-7130 Work,60
996605635,Bezak Chiropractic And Rehabilitation,7500 Hanover Parkway,Greenbelt,MD,20770,38.992915,-76.875826,(301) 220-0496 Main,38
996356411,Dunkirk Chiropractic & Wellness Center,10020 Southern Maryland Blvd,Dunkirk,MD,20754,38.714689,-76.659379,(410) 286-3335 Work,24
996605523,"Effective Integrative Healthcare - Lanham, Md",7400 Riverdale Rd,Lanham,MD,20706,38.96208316,-76.88465383,(301) 960-2285 Work,21
996616309,"Rebound Integrative Health & Sports Clinic - Greenbelt, Md",7701 Greenbelt Rd,Greenbelt,MD,20770-6521,38.99403317,-76.87477676,(240) 261-7229 Fax,18
996701795,"Ameriwell Chiropractic - Silver Spring, Md",804 Pershing Dr,Silver Spring,MD,20910,38.99793724,-77.02311328,(301) 587-4000 Work,16
996700633,"Kaizo Health Chiropractic & Rehabilitation - Landover, Md",4301 Garden City Dr,Landover,MD,20785,38.94825675,-76.86893857,(301) 577-1115,14
993878578,"Maryland Healthcare Clinics - Baltimore, Md",6615 Reisterstown Road,Baltimore,MD,21215-2633,39.35742474,-76.70395141,(888) 570-0088 Main,13
996605561,"Kaizo Health Chiropractic & Rehabilitation - Fort Washington, Md",9300 Livingston Rd,Fort Washington,MD,20744,38.76402978,-76.99524572,(301) 203-6734 Work,13
996589142,"Rxwellness Spine & Health - Laurel, Md",525 Main St,Laurel,MD,20707,39.107547,-76.851389,(301) 725-6884 Work,11
996701834,"Excelsia Injury Care - White Marsh, Md",8140 Corporate Drive,Baltimore,MD,21236,39.37083808,-76.46829127,(410) 687-4405 Work,11
996605558,"Maryland Healthcare Clinics - Silver Spring, Md",8121 Georgia Avenue,Silver Spring,MD,20910,38.99097485,-77.02653851,(888) 570-0088,11
996275967,"Kiro-Plus Health & Wellness, Llc",226 East Lafayette Avenue,Baltimore,MD,21202,39.31000099,-76.61334748,(410) 727-7474,8
996605665,"Mid-Atlantic Spinal Rehab & Chiropractic - Bowie, Md",4201 Northview Dr,Bowie,MD,20716,38.9475207,-76.73721677,(240) 245-3180 Fax,6
996600127,"Active Physical Therapy - Laurel, Md",14405 Laurel Place,Laurel,MD,20707,39.08785665,-76.86115123,(301) 498-1604 Work,5
993719001,"Ameriwell Chiropractic - Capitol Heights, Md",525 Eastern Ave Ne,Capitol Heights,MD,20743,38.89669781,-76.91418421,301-883-8300 Work,5
993714301,"Ameriwell Chiropractic - Wheaton, Md",2730 University Blvd W,Wheaton,MD,20902,39.03964765,-77.05581684,301-348-8343 Work,4
996701816,"Ameriwell Chiropractic - Laurel, Md",13627 Baltimore Ave,Laurel,MD,20707,39.07677069,-76.86743331,(301) 708-0888 Work,4
996526550,"Total Health Family Clinic - Landover Hills, Md",6521 Annapolis Road,Landover Hills,MD,20784,38.93947184,-76.90632224,301-322-7777,3
996605659,Atlast Healthcare Of Maryland,3431 Monarch Drive,Edgewater,MD,21037,38.91750719,-76.56337127,(301) 390-8791 Fax,3
996605614,Enid Cruise,5210 Indian Head Highway,Oxon Hill,MD,20745,38.818065,-76.999033,(301) 839-0500 Main,3
996613409,"Effective Integrative Healthcare - Millersville, Md",683 Old Mill Rd,Millersville,MD,21108,39.11756455,-76.63265847,410-928-4192 Personal Mobile,3
993703115,"Maryland Healthcare Clinics - Easton, Md",7696 Ocean Gateway,Easton,MD,21601,38.760413,-76.061989,410-732-6110 Main,2
996605668,"Total Health Family Clinic - District Heights, Md",5730-A Silver Hill Road,District Heights,MD,20747,38.85432061,-76.90787045,(301) 735-5775 Main,2
996702174,"Multi-Specialty Health Care - Baltimore, Md",9601 Pulaski Park Drive,Baltimore,MD,21220,39.35227362,-76.45195941,(410) 933-5678 Main,2
996576449,"Pain And Rehab Center Of Maryland - Camp Springs, Md",5855 Allentown Road,Camp Springs,MD,20746,38.8066807,-76.90276012,(301) 925-2013 Work,2
996539471,"Pain And Rehab Center - Washington, Dc",2041 Martin Luther King Avenue,Washington,DC,20020,38.86566305,-76.98948895,(202) 610-0260 Work,2
993705513,"Multi-Specialty Health Care - Camp Springs, Md",5801 Allentown Road,Suitland,MD,20746,38.80670627,-76.90257496,301-899-5159 Main,2
995605680,"Kaizo Health Chiropractic & Rehabilitation - Fairfax, Va",3925 Chain Bridge Rd,Fairfax,VA,22030,38.84815823,-77.30621205,(703) 890-2222 Work,2
995274400,Bethesda Spine And Posture,4733 Elm Street,Bethesda,MD,20814,38.9825854,-77.09401158,301-656-2435,2
994842782,"Pain And Rehab Center Of Maryland - Capitol Heights, Md",525 Eastern Ave Ne,Fairmount Heights,MD,20743,38.89669781,-76.91418421,(301) 925-4367 Fax,2
993703512,Thomas Dennis,128 Lubrano Drive,Annapolis,MD,21401,38.98591054,-76.55208292,410-544-4263 Main,1
993722861,Ati Physical Therapy - Catonsville,836 N Roling Road,Catonsville,MD,21228,39.28238084,-76.75405692,443-514-0560 Main,1
996705531,"Collins Chiropractic - Prince Frederick, Md",810 N. Solomons Island Road,Prince Frederick,MD,20678,38.55346561,-76.59234327,(410) 414-3345 Main,1
996701927,"Maryland Healthcare Clinics - Owings Mills, Md",5 Park Center Court,Owings Mills,MD,21117,39.39938209,-76.75373208,(888) 570-0088 Main,1
993706348,"Maryland Healthcare Clinics - Columbia, Md",5570 Sterrett Place,Columbia,MD,21044,39.21912354,-76.8569095,443-545-5353 Main,1
993709552,"Absolute Chiropractic Care - Lanham, Md",9470 Annapolis Road,Lanham,MD,20706,38.96545446,-76.84507814,301-577-1800 Main,1
993713024,"Pro Perform Spinal Health & Rehab - National Harbor, Md",145 Fleet Street,National Harbor,MD,20745,38.7846183,-77.01443529,301-705-7800 Main,1
993713632,"Multi-Specialty Health Care - Hyattsville, Md",7503 Annapolis Road,Hyattsville,MD,20784,38.9499219,-76.88643244,888-807-2778 Main,1
993722766,"Novacare Rehabilitation - Dover, De",128 Greentree Drive,Dover,DE,19904,39.159995,-75.555612,302-674-4192 Main,1
996675194,"Rx Wellness - Alexandria, Va",3543 W Braddock Rd,Alexandria,VA,22302,38.82709948,-77.08939724,(703) 578-1900 Work,1
996668361,Rebound Integrative Health & Sports Clinic - Temple Hills,3611 Branch Avenue,Temple Hills,MD,20748,38.84463377,-76.95073882,(240) 930-3066 Work,1
993726318,"Absolute Chiropractic Care - Oxon Hill, Md",5210 Indian Head Highway,Oxon Hill,MD,20745,38.818065,-76.999033,301-839-0500 Main,1
993724575,"Ballenger Chiropractic, P.A.",9632 Deereco Road,Timonium,MD,21093,39.452904,-76.638546,410-252-1000 Main,1
996490715,"Clearway Pain Solutions - Annapolis, Md",810 Bestgate Rd,Annapolis,MD,21401,38.99416697,-76.53741535,(667) 444-4307 Work,1
993886050,"Alexander Chiropractic Center - California, Md",22930 Three Notch Rd,California,MD,20619,38.297423,-76.507039,(301) 737-4007,1
994518555,"Active Physical Therapy - California, Md",22599 Mac Arthur Blvd,California,MD,20619,38.287827,-76.486659,301-737-3403 Fax,1
996605625,Eric R. Schmitt,7525 Greenway Center Drive,Greenbelt,MD,20770,38.99190525,-76.88176481,(301) 430-5263 Main,1
996174730,John F. Koloski,2024 West St,Annapolis,MD,21401-3029,38.98313875,-76.5352953,(240) 439-9764 Personal Mobile,1
996237563,Susquehanna Spine & Rehab,2105 Laurel Bush Rd,Bel Air,MD,21015-6185,39.49914,-76.324354,(443) 512-0025 Personal Mobile,1
996605037,Active Life Physical Therapy,1447 York Road,Lutherville,MD,21093,39.420141,-76.614934,(410) 842-0115 Work,1
996302056,"Ameriwell Chiropractic - Bowie, Md",3233 Superior Ln,Bowie,MD,20715,38.97845362,-76.7326465,301-576-0500 Work,1
996593018,Neuropro Concussion Clinic,1110 Benfield Blvd,Millersville,MD,21108,39.09446379,-76.63183795,(901) 229-0480 Work,1
996374028,"Active Physical Therapy - District Heights, Md",5416 Silver Hill Road,District Heights,MD,20747-2039,38.85252717,-76.9132692,301-420-3249,1
996705567,"Maryland Orthopedics - Laurel, Md",545 Main Street,Laurel,MD,20707,39.10753743,-76.85136116,(301) 776-2000 Main,1
